{
  "project_info": {
    "project_number": "520606134720",
    "project_id": "company-directory-app-1",
    "storage_bucket": "company-directory-app-1.firebasestorage.app"
  },
  "client": [
    {
      "client_info": {
        "mobilesdk_app_id": "1:520606134720:android:43018aaf0232ceac45d825",
        "android_client_info": {
          "package_name": "com.example.companydirectoryapp"
        }
      },
      "oauth_client": [],
      "api_key": [
        {
          "current_key": "AIzaSyAMVGNzTPLrqyG_HvQp-v-4HgdgymvGLwo"
        }
      ],
      "services": {
        "appinvite_service": {
          "other_platform_oauth_client": []
        }
      }
    }
  ],
  "configuration_version": "1"
}